{"stats":{"minecraft:picked_up":{"minecraft:leather_leggings":1,"minecraft:leather_boots":1,"minecraft:dirt":4,"minecraft:leather_helmet":3,"minecraft:leather_chestplate":1},"minecraft:custom":{"minecraft:time_since_rest":4558,"minecraft:deaths":1,"minecraft:damage_absorbed":1240,"minecraft:crouch_one_cm":157,"minecraft:sprint_one_cm":3899,"minecraft:play_time":13115,"minecraft:damage_taken":1348,"minecraft:walk_one_cm":8830,"minecraft:sneak_time":224,"minecraft:drop":11,"minecraft:damage_dealt_resisted":53,"minecraft:jump":45,"minecraft:damage_dealt":207,"minecraft:leave_game":2,"minecraft:time_since_death":4410,"minecraft:total_world_time":13115,"minecraft:climb_one_cm":433,"minecraft:fly_one_cm":38834},"minecraft:used":{"minecraft:spider_spawn_egg":24,"minecraft:torch":1,"minecraft:dirt":3,"minecraft:skeleton_spawn_egg":6,"minecraft:stone":2,"minecraft:zombie_spawn_egg":1,"minecraft:netherite_sword":10,"minecraft:totem_of_undying":16},"minecraft:killed_by":{"minecraft:zombie":1},"minecraft:dropped":{"minecraft:leather_chestplate":2,"minecraft:leather_leggings":2,"minecraft:leather_helmet":5,"minecraft:leather_boots":2},"minecraft:mined":{"minecraft:grass":4,"minecraft:grass_block":2,"minecraft:dirt":2,"minecraft:fern":2}},"DataVersion":3465}